<?xml version="1.0" encoding="UTF-8"?>
<project-private xmlns="http://www.netbeans.org/ns/project-private/1">
    <editor-bookmarks xmlns="http://www.netbeans.org/ns/editor-bookmarks/2" lastBookmarkId="0"/>
    <open-files xmlns="http://www.netbeans.org/ns/projectui-open-files/2">
        <group>
            <file>file:/D:/DA1_Nhom4/Poly-T-shirt/PolyTshirt/src/BackEnd/service/HoaDonService.java</file>
            <file>file:/D:/DA1_Nhom4/Poly-T-shirt/PolyTshirt/src/BackEnd/service/NguoiDungService.java</file>
            <file>file:/D:/DA1_Nhom4/Poly-T-shirt/PolyTshirt/src/BackEnd/entity/HoaDonChiTiet.java</file>
            <file>file:/D:/DA1_Nhom4/Poly-T-shirt/PolyTshirt/src/BackEnd/entity/HoaDon.java</file>
            <file>file:/D:/DA1_Nhom4/Poly-T-shirt/PolyTshirt/src/FontEnd/application/core/HoaDon/FormHoaDon.java</file>
            <file>file:/D:/DA1_Nhom4/Poly-T-shirt/PolyTshirt/src/FontEnd/application/core/NhanVien/FormNhanVien.java</file>
            <file>file:/D:/DA1_Nhom4/Poly-T-shirt/PolyTshirt/src/BackEnd/entity/NguoiDung.java</file>
            <file>file:/D:/DA1_Nhom4/Poly-T-shirt/PolyTshirt/src/BackEnd/connect/DBSqlConnection.java</file>
        </group>
    </open-files>
</project-private>
